,Date,GC=F,ETH-USD,^FTSE,AVDO-USD,GC=F_z_norm,ETH-USD_z_norm,^FTSE_z_norm,AVDO-USD_z_norm
2026,2022-02-22,1906.0999755859373,2639.29931640625,7494.2001953125,1000.70361328125,0.2939065525617149,1.6781175219628104,0.04807029489150258,0.05460667707246499
2027,2022-02-23,1909.199951171875,2590.359619140625,7498.2001953125,1000.4981689453124,0.32249334781281436,1.579504441509637,0.06482528121858638,0.054033164729604934
2028,2022-02-24,1925.0999755859373,2598.067138671875,7207.0,1000.6363525390624,0.46911732268350276,1.5950350288670587,-1.1549385415076812,0.0544189139703163
2029,2022-02-25,1886.5,2764.53564453125,7489.5,1000.4736938476562,0.11316303588906705,1.9304676751323355,0.028382367842612357,0.0539648407695676
2030,2022-02-28,1899.4000244140625,2919.201171875,7458.2998046875,1000.350830078125,0.23212215231947522,2.2421174184582853,-0.10230734362320805,0.05362185789785736
2031,2022-03-01,1942.4000244140625,2972.485107421875,7330.2001953125,1000.451904296875,0.6286517899635213,2.3494841026947326,-0.6388841445189333,0.053904013702900655
2032,2022-03-02,1920.9000244140625,2950.118408203125,7429.60009765625,1001.324951171875,0.4303869711414983,2.304415390937912,-0.22252314334818418,0.05634118558414417
2033,2022-03-03,1934.4000244140625,2834.468994140625,7238.89990234375,1019.8952026367188,0.5548788341227686,2.0713827893791326,-1.0213179346064711,0.10818135132294071
2034,2022-03-04,1965.0999755859373,2617.156005859375,6987.10009765625,1186.3714599609375,0.8379821018872666,1.6334989365104573,-2.0760435057818296,0.572911556382372
2035,2022-03-07,1993.9000244140625,2497.771240234375,6959.5,1003.3554077148438,1.1035651931883674,1.3929396328114005,-2.191653320495991,0.06200934812422583
2036,2022-03-08,2040.0999755859373,2576.74755859375,6964.10009765625,1006.9166259765624,1.5296035628943239,1.5520762534160975,-2.1723846771625617,0.07195073988561501
2037,2022-03-09,1985.9000244140625,2729.783447265625,7190.7001953125,1005.6967163085938,1.0297922373476145,1.8604422884553575,-1.2232142926759808,0.06854527607196781
2038,2022-03-10,1998.0999755859373,2608.048583984375,7099.10009765625,1010.0372314453124,1.1422955447303718,1.6151475576450387,-1.6069038886234832,0.08066212998238644
2039,2022-03-11,1982.699951171875,2559.56298828125,7155.60009765625,1011.04296875,1.0002823795997304,1.5174494880402911,-1.3702397067534247,0.08346971654971971
2040,2022-03-14,1959.5999755859373,2590.696044921875,7193.5,1007.1461181640624,0.7872631947467491,1.5801823366435783,-1.211486620361589,0.0725913835009307
2041,2022-03-15,1928.5,2620.149658203125,7175.7001953125,1010.2074584960938,0.5004710540530191,1.6395311209316388,-1.2860454914025452,0.08113733079172597
2042,2022-03-16,1908.0,2772.0556640625,7291.7001953125,1023.9789428710938,0.31142785471109014,1.9456204515587943,-0.8001508879171149,0.1195813999967551
2043,2022-03-17,1942.0999755859373,2814.8544921875,7385.2998046875,1007.1796875,0.6258848538451024,2.031859732081615,-0.40808584409248744,0.07268509466806496
2044,2022-03-18,1928.199951171875,2945.343017578125,7404.7001953125,1004.597900390625,0.4977041179346022,2.2947930187899495,-0.3268225241769975,0.06547785399576346
2045,2022-03-21,1928.5999755859373,2897.9765625,7442.39990234375,1001.63525390625,0.501392990863832,2.199350008179387,-0.1689080052160828,0.0572074175363423
2046,2022-03-22,1920.699951171875,2973.131103515625,7476.7001953125,1002.164794921875,0.4285419718338965,2.3507857794178157,-0.025232770289489052,0.058685668601895204
2047,2022-03-23,1936.5999755859373,3031.067138671875,7460.60009765625,1001.4268188476562,0.5751659467045849,2.467526405437465,-0.09267199931328474,0.05662555638041063
2048,2022-03-24,1961.5999755859373,3108.06201171875,7467.39990234375,1002.0259399414062,0.8057064337069373,2.6226704303186,-0.06418934067180902,0.05829804513784116
2049,2022-03-25,1953.800048828125,3106.67138671875,7483.39990234375,1001.5032348632812,0.7337784771737884,2.619868332580625,0.0028306046365261855,0.056838877073595535
2050,2022-03-28,1939.5999755859373,3336.634521484375,7473.10009765625,1001.4260864257812,0.6028308051448672,3.0832421247563895,-0.04031266704114785,0.05662351177312771
2051,2022-03-29,1912.0,3401.98779296875,7537.2998046875,1010.05224609375,0.3483143326314665,3.2149284199083104,0.22860363633669703,0.08070404443168666
2052,2022-03-30,1933.5,3385.157958984375,7578.7998046875,1008.0677490234376,0.5465791514534896,3.1810164452651724,0.4024366194801915,0.0751641809986087
2053,2022-03-31,1949.199951171875,3281.642822265625,7515.7001953125,1007.5692138671876,0.6913581270165783,2.9724343110120177,0.13812834639957802,0.07377248497469951
2054,2022-04-01,1919.0999755859373,3449.55224609375,7537.89990234375,1006.8902587890624,0.41378760580293816,3.3107703949264393,0.23111729334304298,0.0718771340234298
2055,2022-04-04,1929.199951171875,3521.2412109375,7558.89990234375,1005.3118896484376,0.5069257374146963,3.4552230591791666,0.31908097156023296,0.06747100532873264
2056,2022-04-05,1922.9000244140625,3411.79248046875,7613.7001953125,1003.65869140625,0.4488302101016865,3.2346847831732473,0.5486255114131311,0.06285598592329594
2057,2022-04-06,1918.4000244140625,3171.69189453125,7587.7001953125,1003.9395751953124,0.40733292244126307,2.7508841117183502,0.4397181002870864,0.06364009281629637
2058,2022-04-07,1933.800048828125,3233.274658203125,7551.7998046875,1004.0047607421876,0.5493460875719065,2.8749728651804385,0.2893404617723758,0.0638220628644771
2059,2022-04-08,1941.5999755859373,3192.073974609375,7669.60009765625,1003.0900268554688,0.6212740441050554,2.791953832514497,0.7827760362768439,0.06126851875204694
2060,2022-04-11,1944.300048828125,2981.05224609375,7618.2998046875,1008.715576171875,0.6461730921128945,2.366746815427051,0.567892109460144,0.07697263614035325
2061,2022-04-12,1972.0999755859373,3030.37646484375,7576.7001953125,1011.689453125,0.9025334382479253,2.466134703453488,0.39364188788760596,0.08527442324477923
2062,2022-04-13,1981.0,3118.34423828125,7580.7998046875,1012.488525390625,0.9846060767579592,2.643389030798333,0.41081411264373335,0.08750508979044758
2063,2022-04-14,1970.9000244140625,3019.909423828125,7616.39990234375,1012.8313598632812,0.8914679451462031,2.445043703397272,0.5599339000120626,0.0884621363827955
2065,2022-04-19,1955.699951171875,3104.1064453125,7601.2998046875,1096.785400390625,0.7512986536371898,2.614699997110968,0.49668341757003787,0.32282575733959773
2066,2022-04-20,1952.300048828125,3077.745849609375,7629.2001953125,1185.53076171875,0.7199460479536473,2.561583617359847,0.6135510834305808,0.5705646879894576
2067,2022-04-21,1944.9000244140625,2987.480712890625,7628.0,1140.259033203125,0.6517058386637566,2.379700122228073,0.608523769417889,0.4441854672247404
2068,2022-04-22,1931.0,2964.835693359375,7521.7001953125,1207.0048828125,0.5235251027532544,2.334070597370604,0.16326082589020371,0.6305112104532208
2069,2022-04-25,1893.199951171875,3009.3935546875,7380.5,1280.3197021484375,0.1749474361313088,2.4238543150777843,-0.4281910095704212,0.8351746956343518
2070,2022-04-26,1901.4000244140625,2808.29833984375,7386.2001953125,1295.066650390625,0.25056539127966343,2.018649139972138,-0.40431433593976007,0.8763418409723531
2071,2022-04-27,1885.9000244140625,2888.9296875,7425.60009765625,1299.9132080078125,0.10763028933820493,2.181120630760425,-0.239278129675268,0.8898713481313312
2072,2022-04-28,1888.699951171875,2936.94091796875,7509.2001953125,1425.71337890625,0.13345014847088538,2.2778628583874894,0.11090149361806684,1.2410513912066823
2073,2022-04-29,1909.300048828125,2815.601806640625,7544.60009765625,1333.15283203125,0.3234164103096011,2.033365564450987,0.2591827135554751,0.9826621012200795
2075,2022-05-03,1868.800048828125,2783.476318359375,7561.2998046875,1334.3040771484375,-0.050059178634209785,1.9686329743967046,0.3291335542991998,0.985875883100953
2076,2022-05-04,1867.0,2940.644775390625,7493.5,1294.4215087890625,-0.06665854397276784,2.2853261000979566,0.04513735416969616,0.8745408827239789
2077,2022-05-05,1874.0,2749.213134765625,7503.2998046875,1323.767333984375,-0.0021072076121091575,1.8995929461763916,0.08618625255648472,0.9564618219609508
2078,2022-05-06,1881.199951171875,2694.979736328125,7387.89990234375,1154.8115234375,0.06428800237017966,1.790313102160628,-0.3971946939225996,0.4848097693291258
2079,2022-05-09,1857.0999755859373,2245.430419921875,7216.60009765625,1539.18798828125,-0.15795280196289582,0.8844749915195792,-1.1147261652653966,1.5578237606213734
2080,2022-05-10,1839.9000244140625,2343.510986328125,7243.2001953125,1532.71875,-0.3165642067461235,1.082106512070605,-1.003305097133006,1.5397644260270809
2081,2022-05-11,1852.5999755859373,2072.108642578125,7347.7001953125,1563.8712158203125,-0.19945008962331925,0.5352330605628175,-0.5655810793379417,1.6267287298952613
2082,2022-05-12,1823.800048828125,1961.7015380859373,7233.2998046875,1632.3056640625,-0.46503205523844415,0.31276366891953444,-1.0447753245216718,1.8177683152145192
2083,2022-05-13,1807.4000244140625,2014.418212890625,7418.2001953125,1560.6812744140625,-0.6162668398491816,0.4189873275074246,-0.27027444532308964,1.617823783642373
2084,2022-05-16,1813.5,2022.7259521484373,7464.7998046875,1718.126220703125,-0.560015186157802,0.435727352591112,-0.07508049084169686,2.0573424474479087
2085,2022-05-17,1818.199951171875,2090.4091796875,7518.39990234375,1607.35546875,-0.5166740248757484,0.5721084896956959,0.14943673499850946,1.7481180865860062
2086,2022-05-18,1815.9000244140625,1916.6561279296875,7438.10009765625,1733.1031494140625,-0.5378830742683818,0.22199754440358777,-0.1869187974031311,2.099151599472748
2087,2022-05-19,1841.199951171875,2018.336181640625,7302.7001953125,1681.671630859375,-0.3045767768335842,0.42688200175233765,-0.7540746755176344,1.9555768906907727
2088,2022-05-20,1841.800048828125,1961.315673828125,7390.0,1675.3743896484375,-0.29904290459675037,0.3119861556690311,-0.3883979170435972,1.9379976980400864
2089,2022-05-23,1847.800048828125,1972.181884765625,7513.39990234375,1690.8868408203125,-0.2437131877161858,0.3338814797774925,0.1284930020896547,1.981301798756622
2090,2022-05-24,1865.0999755859373,1978.9827880859373,7484.39990234375,1690.02880859375,-0.08417984612214305,0.34758524305661836,0.007019351218297136,1.9789065413246785
2091,2022-05-25,1846.199951171875,1944.827880859375,7522.7998046875,1687.55712890625,-0.25846867943311375,0.2787633908101107,0.16786681090101827,1.972006673280576
2092,2022-05-26,1847.4000244140625,1803.913330078125,7564.89990234375,1690.26123046875,-0.24740206064541778,-0.005178249813291634,0.34421345105085865,1.9795553633691259
2093,2022-05-27,1851.300048828125,1724.9228515625,7585.5,1571.6151123046875,-0.21143751953585646,-0.16434340301433722,0.4305020396926236,1.6483463626975998
2094,2022-05-31,1842.699951171875,1942.3280029296875,7607.7001953125,1753.2496337890625,-0.29074434761344303,0.2737261577012631,0.5234930319225054,2.1553919304683338
2095,2022-06-01,1843.300048828125,1823.5693359375,7533.0,1659.8836669921875,-0.28521047537660926,0.03442843750800643,0.2105928441496487,1.8947542540062772
2098,2022-06-06,1839.199951171875,1859.2896728515625,7608.2001953125,1549.9208984375,-0.3230200157937724,0.106404617475002,0.5255874052133909,1.5877854357453185
2099,2022-06-07,1847.5,1814.04833984375,7598.89990234375,1788.6317138671875,-0.24648012383460272,0.01524371005267757,0.48663083483107095,2.2541635006275107
2100,2022-06-08,1851.9000244140625,1793.572265625,7593.0,1788.1824951171875,-0.20590477298499435,-0.02601540815026698,0.4619176390559057,2.252909474827318
2101,2022-06-09,1848.800048828125,1789.8260498046875,7476.2001953125,1659.51611328125,-0.2344915682360917,-0.033564001679122143,-0.027327143580374528,1.8937282019181307
2102,2022-06-10,1871.5,1665.042236328125,7317.5,1741.664306640625,-0.0251612563123444,-0.2850023416187776,-0.6920820442219912,2.1230506732349474
2103,2022-06-13,1828.0,1204.582763671875,7205.7998046875,1787.4827880859375,-0.4263017036964376,-1.212824325805232,-1.159965855520373,2.2509561933363664
2104,2022-06-14,1809.5,1211.662841796875,7187.5,1788.127197265625,-0.5969016640781784,-1.1985580276308505,-1.2366190998522146,2.2527551069774576
2105,2022-06-15,1815.300048828125,1233.2064208984375,7273.39990234375,1785.5831298828125,-0.543415820819244,-1.1551478960221306,-0.8768061775353734,2.2456531635802266
2106,2022-06-16,1845.699951171875,1067.730712890625,7045.0,1740.2540283203125,-0.26307948917316076,-1.4885800629244375,-1.8335154877545752,2.1191137819116803
2107,2022-06-17,1835.5999755859373,1086.519287109375,7016.2998046875,1770.143310546875,-0.3562176207849189,-1.4507212431001593,-1.953733332765968,2.2025518197525806
2108,2022-06-21,1834.5999755859373,1124.8245849609375,7152.10009765625,1776.3880615234375,-0.365439240265013,-1.3735363884755654,-1.384900319789623,2.2199844822146577
2109,2022-06-22,1834.300048828125,1051.421875,7089.2001953125,1782.97021484375,-0.3682050506974561,-1.5214422347984675,-1.6483720707257323,2.238359027098401
2110,2022-06-23,1825.699951171875,1143.38671875,7020.5,1793.1314697265625,-0.4475118787750427,-1.3361338442222093,-1.9361397790079633,2.2667248862380247
2111,2022-06-24,1826.5,1226.8447265625,7208.7998046875,1802.76708984375,-0.44013413291657877,-1.1679666568731288,-1.1473996157750601,2.2936233988842716
2112,2022-06-27,1820.9000244140625,1193.6806640625,7258.2998046875,1815.13134765625,-0.49177497686791133,-1.2347919652871981,-0.9400566599773981,2.3281390959630457
2113,2022-06-28,1817.5,1144.5792236328125,7323.39990234375,1816.112060546875,-0.5231287082374256,-1.3337309568624587,-0.6673688484468259,2.330876825114879
2114,2022-06-29,1813.699951171875,1098.94384765625,7312.2998046875,1820.6715087890625,-0.5581713125361718,-1.425685857569385,-0.7138643445617668,2.3436048462189514
2115,2022-06-30,1804.0999755859373,1067.298828125,7169.2998046875,1820.779541015625,-0.646698634407883,-1.4894503071130747,-1.3128551057550126,2.3439064257931825
2116,2022-07-01,1798.9000244140625,1059.767333984375,7168.7001953125,1819.782470703125,-0.6946506054299815,-1.5046262047814023,-1.3153667174749417,2.341123033745364
2117,2022-07-05,1761.800048828125,1134.541015625,7025.5,1736.111572265625,-1.036772463004278,-1.353957861996492,-1.9151960460991087,2.107549823887352
2118,2022-07-06,1734.9000244140625,1186.9739990234375,7107.7998046875,1806.484130859375,-1.2848342521560037,-1.2483058392182103,-1.570463020533926,2.303999780845103
2119,2022-07-07,1737.9000244140625,1237.5933837890625,7189.10009765625,1774.2952880859375,-1.2571693937157213,-1.1463082025084939,-1.2299166962640977,2.2141423576715873
2120,2022-07-08,1740.5999755859375,1222.5062255859375,7196.2001953125,1799.637939453125,-1.232271471393856,-1.1767087000354686,-1.2001761864762406,2.284888155035866
2121,2022-07-11,1730.0,1097.236572265625,7196.60009765625,1803.8212890625,-1.330020412745659,-1.4291260031946764,-1.1985010969008156,2.296566270300158
2122,2022-07-12,1723.300048828125,1038.191650390625,7209.89990234375,1696.230224609375,-1.3918048129879008,-1.5481010266732234,-1.1427915854778288,1.9962182311891825
2123,2022-07-13,1734.199951171875,1113.587158203125,7156.39990234375,1680.2838134765625,-1.2912900612036526,-1.396179709355549,-1.3668895276025745,1.9517027006575152
2124,2022-07-14,1704.5,1191.5262451171875,7039.7998046875,1825.052490234375,-1.5651717094880586,-1.2391331014333993,-1.8552977880943509,2.3558346646817516
2125,2022-07-15,1702.4000244140625,1233.129150390625,7159.0,1828.652587890625,-1.5845368852590618,-1.1553035954487578,-1.3559983774326867,2.3658845910130766
2126,2022-07-18,1709.199951171875,1578.7178955078125,7223.2001953125,1828.177001953125,-1.521830548206005,-0.45894516599255897,-1.087080028768425,2.3645569593506988
2127,2022-07-19,1710.0,1542.9752197265625,7296.2998046875,1603.6917724609375,-1.514452802347541,-0.5309663585900013,-0.780884289870102,1.737890620188948
2128,2022-07-20,1699.5,1520.20068359375,7264.2998046875,1477.5562744140625,-1.611279806888529,-0.5768568583157981,-0.9149241804867724,1.3857744877458988
2129,2022-07-21,1712.699951171875,1576.74951171875,7270.5,1500.08837890625,-1.4895548800256757,-0.4629114428556953,-0.8889531335652258,1.4486744454298435
2130,2022-07-22,1727.0999755859375,1537.4051513671875,7276.39990234375,420.1895751953125,-1.3567633343751262,-0.5421899997227089,-0.8642399377900606,-1.5659391731033045
2131,2022-07-25,1719.0,1445.3834228515625,7306.2998046875,927.9585571289062,-1.4314582270266942,-0.7276130126256785,-0.7389968240523925,-0.14846627402649262
2132,2022-07-26,1717.699951171875,1441.8067626953125,7306.2998046875,872.4898071289062,-1.443446782625205,-0.734819952910323,-0.7389968240523925,-0.3033111989198166
2133,2022-07-27,1719.0999755859375,1636.232666015625,7348.2001953125,1885.337646484375,-1.4305362902158791,-0.3430533847142857,-0.5634867060470562,2.5241249270675734
2134,2022-07-28,1750.300048828125,1725.4681396484375,7345.2998046875,1885.229248046875,-1.1428210870253603,-0.16324465208425165,-0.5756357073633255,2.523822325189701
2135,2022-07-29,1762.9000244140625,1727.406982421875,7423.39990234375,1884.4285888671875,-1.026628906713369,-0.1593379001203947,-0.24849419026973082,2.5215872286615864
2136,2022-08-01,1769.0,1635.19580078125,7413.39990234375,1885.2413330078125,-0.9703772530219893,-0.3451426594848581,-0.2903816560874403,2.5238560612098695
2137,2022-08-02,1771.0999755859375,1632.9454345703125,7409.10009765625,1885.3309326171875,-0.951012077250986,-0.3496771285683879,-0.3083924482744887,2.524106184834147
2138,2022-08-03,1758.0,1618.87451171875,7445.7001953125,1884.6312255859373,-1.0718150673030244,-0.3780299203660224,-0.1550839143243885,2.522152903343194
2139,2022-08-04,1788.5,1608.205810546875,7448.10009765625,1883.892333984375,-0.7905556731601544,-0.3995272639495502,-0.1450313315854216,2.520090235362607
2140,2022-08-05,1772.9000244140625,1732.254638671875,7439.7001953125,1884.2991943359373,-0.934412711912428,-0.14956991334279046,-0.18021639381501423,2.5212260147082697
2141,2022-08-08,1786.800048828125,1775.51611328125,7482.39990234375,1088.9962158203125,-0.8062319760019258,-0.06239840402547114,-0.001358141945244765,0.3010816996535983
2142,2022-08-09,1794.0,1703.0250244140625,7488.2001953125,1795.4744873046875,-0.7398367660196369,-0.20846734147309254,0.022937815400876874,2.2732655849360937
2143,2022-08-10,1795.5999755859375,1851.74267578125,7507.10009765625,1796.2005615234375,-0.7250823999886806,0.09119748153308566,0.10210471673906446,2.2752924722892307
2144,2022-08-11,1789.699951171875,1881.22412109375,7465.89990234375,1737.2091064453125,-0.7794901800584302,0.15060234713121098,-0.07047246054446545,2.110613667900811
2145,2022-08-12,1798.5999755859375,1957.2464599609373,7500.89990234375,1793.150390625,-0.6974175415483984,0.30378672377863386,0.07613366981751782,2.2667777052595004
2146,2022-08-15,1781.4000244140625,1904.2281494140625,7509.2001953125,1652.4088134765625,-0.8560289463316282,0.19695527169438434,0.11090149361806684,1.873887673612532
2147,2022-08-16,1773.199951171875,1878.139404296875,7536.10009765625,1753.1810302734375,-0.9316469014799827,0.1443866685990278,0.22357836761042202,2.1552004189194998
2148,2022-08-17,1760.300048828125,1832.9996337890625,7515.7998046875,1825.5145263671875,-1.0506048922244193,0.053430408764308296,0.1385455848286216,2.3571244711093953
2149,2022-08-18,1755.300048828125,1847.0078125,7541.89990234375,1759.033447265625,-1.0967129896248897,0.08165677164363881,0.2478722796701268,2.1715378534136915
2150,2022-08-19,1747.5999755859375,1612.9873046875,7550.39990234375,1945.521728515625,-1.1677201350331974,-0.3898925932686789,0.28347662561517983,2.692133033648352
2151,2022-08-22,1734.0,1622.505859375,7533.7998046875,1351.0048828125,-1.2931339348252826,-0.3707127852265137,0.21394302330049872,1.0324973591340303
2152,2022-08-23,1746.800048828125,1662.7698974609375,7488.10009765625,1656.05908203125,-1.1750967552056897,-0.28958108542077954,0.022518531685416406,1.884077655542737
2153,2022-08-24,1747.800048828125,1657.0592041015625,7471.5,1364.2969970703125,-1.1658751357255954,-0.3010880847517093,-0.04701507062926475,1.0696032328723868
2154,2022-08-25,1757.699951171875,1696.45703125,7479.7001953125,1353.847412109375,-1.0745820034214413,-0.22170179273641333,-0.012666530544176203,1.0404324799990523
2155,2022-08-26,1736.0999755859375,1507.7828369140625,7427.2998046875,1466.940673828125,-1.2737687590542794,-0.6018787154603727,-0.2321584876581075,1.3561402905551019
2157,2022-08-30,1723.199951171875,1523.8388671875,7361.60009765625,1120.2490234375,-1.3927278754846877,-0.5695259488194314,-0.5073579109086088,0.38832611471953915
2158,2022-08-31,1712.800048828125,1553.6849365234375,7284.2001953125,1000.0164794921876,-1.4886318175288888,-0.5093863688653254,-0.831566487280397,0.0526884946732036
2159,2022-09-01,1696.5999755859375,1586.1767578125,7148.5,1000.010498046875,-1.6380227285179962,-0.4439156208658479,-1.3999802165412818,0.05267179704705942
2160,2022-09-02,1709.800048828125,1577.220458984375,7281.2001953125,1000.1940307617188,-1.5162966759691712,-0.4619624880564407,-0.8441327270257099,0.053184141555371725
2161,2022-09-06,1700.4000244140625,1561.74853515625,7300.39990234375,885.0266723632812,-1.60298012421925,-0.49313828509799557,-0.7637100198275577,-0.2683136560580337
2162,2022-09-07,1715.300048828125,1629.9063720703125,7237.7998046875,852.794189453125,-1.4655777688286535,-0.3558008140744121,-1.0259259649037027,-0.35829290374882344
2163,2022-09-08,1708.0,1635.34765625,7262.10009765625,941.1258544921876,-1.5328960413077293,-0.3448366719860834,-0.9241381957948184,-0.11170883544593391
2164,2022-09-09,1716.199951171875,1719.08544921875,7351.10009765625,848.8890991210938,-1.4572792118453464,-0.17610571988845675,-0.5513397500172038,-0.36919423862954504
2165,2022-09-12,1728.0999755859375,1713.7652587890625,7473.0,946.4734497070312,-1.3475417148950322,-0.18682585908387186,-0.04073195075660832,-0.09678064652149697
2166,2022-09-13,1705.0,1580.7879638671875,7385.89990234375,1274.0582275390625,-1.5605608997480114,-0.4547739955711596,-0.40557218708614146,0.8176953479726481
2167,2022-09-14,1696.5,1634.7550048828125,7277.2998046875,1239.1036376953125,-1.6389446653288113,-0.34603085953154245,-0.8604704749237501,0.720117146930937
2168,2022-09-15,1665.4000244140625,1471.6934814453125,7282.10009765625,1289.2457275390625,-1.9257368060225433,-0.6745984647270434,-0.8403632641593993,0.8600923245913272
2169,2022-09-16,1671.699951171875,1432.44775390625,7236.7001953125,1274.948974609375,-1.8676412787095336,-0.7536782773022483,-1.0305319499145171,0.8201819311965622
2171,2022-09-20,1659.699951171875,1324.38818359375,7192.7001953125,1157.7451171875,-1.9783007124706626,-0.9714174072180907,-1.214836799512439,0.49299910303299105
2172,2022-09-21,1664.5999755859375,1252.6077880859375,7237.60009765625,873.7061767578125,-1.9331145518810073,-1.116054303493794,-1.0267624870482066,-0.29991561737470324
2173,2022-09-22,1670.800048828125,1327.68017578125,7159.5,979.8225708007812,-1.875939835692841,-0.9647840705083195,-1.3539040041418013,-0.0036842246439517576
2174,2022-09-23,1645.300048828125,1328.259521484375,7018.60009765625,979.8255615234376,-2.11109113243524,-0.963616693764602,-1.9440979884560448,-0.003675875830879507
2175,2022-09-26,1623.300048828125,1335.3201904296875,7021.0,905.3553466796876,-2.3139667609973107,-0.9493895049248707,-1.934045405717078,-0.21156472900082063
2176,2022-09-27,1626.699951171875,1330.127685546875,6984.60009765625,959.9793701171876,-2.2826141553137678,-0.9598523588118306,-2.0865153722362573,-0.059077917840467134
2177,2022-09-28,1660.4000244140625,1337.410888671875,7005.39990234375,959.974609375,-1.9718449034230139,-0.9451767654622392,-1.999390261449988,-0.059091207787806445
2178,2022-09-29,1658.5,1335.65234375,6881.60009765625,959.7525634765624,-1.989366205572387,-0.9487202187639657,-2.517956270158665,-0.059711064562412736
2179,2022-09-30,1662.4000244140625,1327.9786376953125,6893.7998046875,959.8961181640624,-1.9534016644628256,-0.9641826722490718,-2.4668547890329093,-0.059310321534959944
2180,2022-10-03,1692.9000244140625,1323.439208984375,6908.7998046875,972.142822265625,-1.6721422703199558,-0.9733295831147741,-2.404023590306345,-0.025122783925094466
2181,2022-10-04,1721.0999755859375,1362.1265869140625,7086.5,933.5799560546876,-1.4120930512556908,-0.8953748403300799,-1.6596825046110806,-0.13277374274612255
2182,2022-10-05,1711.4000244140625,1352.837158203125,7052.60009765625,958.18359375,-1.501542309938215,-0.9140929614468433,-1.8016806046758325,-0.06409095413031271
2183,2022-10-06,1711.699951171875,1351.70947265625,6997.2998046875,960.124755859375,-1.4987764995057697,-0.9163652383871008,-2.033319517819616,-0.05867206329480735
2184,2022-10-07,1700.5,1332.5169677734375,6991.10009765625,960.1069946289062,-1.602058187408435,-0.9550379751192932,-2.059288519454746,-0.05872164502141822
2185,2022-10-10,1667.300048828125,1291.337646484375,6959.2998046875,954.8893432617188,-1.9082155038731703,-1.0380139629200533,-2.1924918879269124,-0.073287086537077
2186,2022-10-11,1678.699951171875,1279.57568359375,6885.2001953125,1012.6224365234376,-1.8030899423488749,-1.0617142197182323,-2.5028763734070063,0.0878789121553422
2187,2022-10-12,1670.300048828125,1294.9063720703125,6826.2001953125,871.5470581054688,-1.880550645432888,-1.0308230107281906,-2.7500124217314923,-0.3059429492608183
2188,2022-10-13,1670.0,1288.1239013671875,6850.2998046875,938.5784301757812,-1.8833175815513048,-1.0444896324379318,-2.649065265339946,-0.11882014995987862
2189,2022-10-14,1641.699951171875,1297.422119140625,6858.7998046875,1022.3015747070312,-2.1442898631123564,-1.0257538014337797,-2.613460919394893,0.1148989085509823
2190,2022-10-17,1657.0,1331.713623046875,6920.2001953125,782.4839477539062,-2.003198634792528,-0.9566567080207692,-2.356270243045023,-0.5545688987035859
2191,2022-10-18,1649.0,1310.447021484375,6936.7001953125,661.9495239257812,-2.076971590633281,-0.9995087322060808,-2.2871559244458024,-0.8910492377183663
2192,2022-10-19,1627.5,1285.7442626953125,6925.0,786.8892822265625,-2.275236409455304,-1.049284584448473,-2.336165077567089,-0.5422710970486284
2193,2022-10-20,1630.800048828125,1283.200927734375,6943.89990234375,786.8794555664062,-2.244804614896605,-1.0544093831116326,-2.2569981762289015,-0.5422985288630077
2194,2022-10-21,1651.0,1299.9464111328125,6969.7001953125,739.1267700195312,-2.058528351673093,-1.0206673741932961,-2.148927287247361,-0.675603516030744
2195,2022-10-24,1648.699951171875,1344.99853515625,7014.0,631.1593627929688,-2.0797385267516977,-0.9298877212911492,-1.9633666317894745,-0.9770021425172611
2196,2022-10-25,1652.800048828125,1461.6654052734375,7013.5,609.8294677734375,-2.0419289863345345,-0.6948049542964478,-1.96546100508036,-1.0365460477302288
2197,2022-10-26,1664.0,1566.566650390625,7056.10009765625,790.8046875,-1.9386472984318694,-0.48342982321967065,-1.787019991639634,-0.5313409672820056
2198,2022-10-27,1660.699951171875,1514.3748779296875,7073.7001953125,767.200439453125,-1.9690790929905686,-0.5885958079773906,-1.713297642743182,-0.5972338892602682
2199,2022-10-28,1639.5999755859375,1555.4779052734375,7047.7001953125,767.2406005859375,-2.1636550388833595,-0.5057735518379923,-1.8222050538692267,-0.5971217766275879
2200,2022-10-31,1635.9000244140625,1572.7144775390625,7094.5,792.4180908203125,-2.1977745806853193,-0.47104200296180193,-1.6261725319569131,-0.5268370382056081
2201,2022-11-01,1645.0,1579.70458984375,7186.2001953125,677.5926513671875,-2.1138580685536574,-0.45695698516249816,-1.24206365229395,-0.8473803449857692
2202,2022-11-02,1645.699951171875,1519.7117919921875,7144.10009765625,719.0612182617188,-2.1074033851919802,-0.577841970801805,-1.4184102924437905,-0.7316179179215669
2203,2022-11-03,1627.300048828125,1531.541748046875,7188.60009765625,584.2772216796875,-2.277080283076934,-0.5540047083470205,-1.2320110695549833,-1.107876943545304
2204,2022-11-04,1672.5,1645.0933837890625,7334.7998046875,893.6456909179688,-1.8602635328510697,-0.32519911254904704,-0.6196175464719205,-0.24425305832048325
2205,2022-11-07,1676.5,1568.59130859375,7300.0,792.8986206054688,-1.8233770549306931,-0.47935015388311386,-0.7653851094029828,-0.5254956054440707
2206,2022-11-08,1712.0999755859375,1332.8355712890625,7306.10009765625,800.6546020507812,-1.4950876265765378,-0.9543959917014461,-0.7398333461968966,-0.5038442366215639
2207,2022-11-09,1710.0999755859375,1100.1697998046875,7296.2998046875,828.089111328125,-1.513530865536726,-1.4232155742492933,-0.780884289870102,-0.42725887047331834
2208,2022-11-10,1750.300048828125,1299.464599609375,7375.2998046875,731.9015502929688,-1.1428210870253603,-1.0216382203811287,-0.4499733099101969,-0.6957732261088931
2209,2022-11-11,1766.0,1287.2210693359375,7318.0,809.1808471679688,-0.9980421114622716,-1.0463088314258235,-0.6899876709311056,-0.4800426224731836
2210,2022-11-14,1773.5999755859375,1241.604248046875,7385.2001953125,719.255126953125,-0.9279580285507508,-1.1382263445927066,-0.408503082521531,-0.7310766081434132
2211,2022-11-15,1773.800048828125,1251.7362060546875,7369.39990234375,622.2830200195312,-0.926113029243149,-1.1178105339931919,-0.47468650568536214,-1.0017810789468784
2212,2022-11-16,1773.0,1215.6025390625,7351.2001953125,733.6151123046875,-0.9334907751016129,-1.1906195706087817,-0.5509204663017433,-0.6909896969865559
2213,2022-11-17,1760.800048828125,1200.80859375,7346.5,698.5819091796875,-1.0459940824843723,-1.2204292466148103,-0.5706083933506335,-0.7887873525433007
2214,2022-11-18,1751.9000244140625,1212.30029296875,7385.5,645.1809692382812,-1.128066720994404,-1.1972735688538396,-0.40724727666156646,-0.937859839925114
2215,2022-11-21,1737.4000244140625,1108.35302734375,7376.89990234375,586.4022216796875,-1.2617802034557684,-1.406726439236948,-0.44327090632208005,-1.101944856281785
2216,2022-11-22,1738.300048828125,1135.1734619140625,7452.7998046875,539.3076171875,-1.2534805207864894,-1.3526834880164667,-0.12534544982294826,-1.2334127638058157
2217,2022-11-23,1744.9000244140625,1183.1995849609375,7465.2001953125,502.1271667480469,-1.1926180573550627,-1.2559112519691047,-0.07340335597985498,-1.3372046115722982
2218,2022-11-25,1753.300048828125,1198.9259033203125,7486.7001953125,583.4107055664062,-1.115156228585078,-1.2242228520759049,0.01665469552822045,-1.1102958843449415
2219,2022-11-28,1740.0999755859375,1170.086181640625,7474.0,720.3181762695312,-1.236882281133903,-1.2823346499239832,-0.03654320417483737,-0.7281090310561915
2220,2022-11-29,1748.4000244140625,1216.9012451171875,7512.0,578.74951171875,-1.1603423891747333,-1.1880026887764152,0.12262916593245875,-1.1233079354774
2221,2022-11-30,1746.0,1295.6885986328125,7573.10009765625,617.4993896484375,-1.1824745010641535,-1.0292468307505795,0.3785619911359472,-1.0151349202634654
2222,2022-12-01,1801.0999755859375,1276.27392578125,7558.5,721.0301513671875,-0.6743634928481631,-1.0683672340806576,0.31740588198480796,-0.7261215023932507
2223,2022-12-02,1795.9000244140625,1294.3033447265625,7556.2001953125,652.34521484375,-0.7223154638702638,-1.0320381057795947,0.3077725829613015,-0.9178603434032682
2224,2022-12-05,1767.4000244140625,1259.6767578125,7567.5,626.2424926757812,-0.9851316190529456,-1.1018103886493065,0.3551046012207465,-0.9907279319753998
2225,2022-12-06,1769.300048828125,1271.65380859375,7521.39990234375,773.9752197265625,-0.9676103169035724,-1.0776767315514162,0.1620029747438223,-0.5783216126611164
2226,2022-12-07,1785.5,1232.4375,7489.2001953125,739.01611328125,-0.8182205316004367,-1.156697265198,0.027126561982647825,-0.6759124221144055
2227,2022-12-08,1788.699951171875,1281.1163330078125,7472.2001953125,693.9222412109375,-0.7887117995385243,-1.058609824041355,-0.04408212990745833,-0.801795144077253
2228,2022-12-09,1798.0999755859375,1264.2847900390625,7476.60009765625,679.9998779296875,-0.7020283512884454,-1.0925252422737077,-0.025652054004949524,-0.8406604023825642
2229,2022-12-12,1780.5,1274.6190185546875,7446.0,717.7085571289062,-0.8643286290009072,-1.0717018582935902,-0.153828108464424,-0.7353939668052442
2230,2022-12-13,1813.9000244140625,1320.5491943359375,7502.89990234375,708.3106079101562,-0.5563263132285701,-0.9791529384471618,0.08451116298105972,-0.7616290043881826
2231,2022-12-14,1807.5,1309.3287353515625,7495.89990234375,681.8291625976562,-0.6153449030383665,-1.0017620694056586,0.05518993690866306,-0.8355538253095253
2232,2022-12-15,1777.199951171875,1266.3538818359375,7426.2001953125,672.1146850585938,-0.8947604235596064,-1.0883560396175738,-0.23676447266892206,-0.8626724740065667
2233,2022-12-16,1790.0,1168.2593994140625,7332.10009765625,672.1629638671875,-0.7767232439400132,-1.2860156008236319,-0.6309259350708518,-0.862537700309834
2234,2022-12-19,1787.699951171875,1167.60986328125,7361.2998046875,716.6376953125,-0.7979334190186184,-1.2873244106958024,-0.5086157620549903,-0.7383833530368169
2235,2022-12-20,1815.9000244140625,1217.70361328125,7370.60009765625,801.4944458007812,-0.5378830742683818,-1.1863859236402048,-0.4696591916726703,-0.5014997536038128
2236,2022-12-21,1815.9000244140625,1213.5999755859375,7497.2998046875,802.8831176757812,-0.5378830742683818,-1.194654719256208,0.06105377306585902,-0.4976231781953919
2237,2022-12-22,1787.0,1218.18212890625,7469.2998046875,885.4850463867188,-0.8043881023802956,-1.185421718660143,-0.05623113122372759,-0.26703407266680473
2238,2022-12-23,1795.9000244140625,1220.159423828125,7473.0,811.4674682617188,-0.7223154638702638,-1.1814374859389598,-0.04073195075660832,-0.4736593585358998
2240,2022-12-28,1807.9000244140625,1189.986083984375,7497.2001953125,808.5208740234375,-0.6116560301091346,-1.2422365132276436,0.060636534636815426,-0.4818849840190369
2241,2022-12-29,1819.5,1201.5953369140625,7512.7001953125,732.5038452148438,-0.5046854692772375,-1.2188439657228467,0.12556210665426515,-0.69409187738657
2242,2022-12-30,1819.699951171875,1199.2327880859375,7451.7001953125,713.734130859375,-0.5028415956556073,-1.2236044818412428,-0.1299514348337628,-0.7464888578420823
2243,2023-01-03,1839.699951171875,1214.77880859375,7554.10009765625,592.3320922851562,-0.31840920605372536,-1.1922793806101735,0.2989758060822991,-1.0853912045674246
2244,2023-01-04,1852.800048828125,1256.526611328125,7585.2001953125,708.6284790039062,-0.19760509031571533,-1.1081579074542736,0.4292462338326591,-0.7607416448273943
2245,2023-01-05,1834.800048828125,1250.4385986328125,7633.5,700.769287109375,-0.36359424095740905,-1.1204252020896346,0.6315618756176292,-0.7826811328928529
2246,2023-01-06,1864.199951171875,1269.3790283203125,7699.5,698.19189453125,-0.09247952879141998,-1.0822603947665819,0.9080191500145119,-0.7898761059214569
2247,2023-01-09,1872.699951171875,1321.5389404296875,7724.89990234375,881.5695190429688,-0.01409576321062016,-0.9771586083506465,1.0144129041342107,-0.277964543201308
2248,2023-01-10,1871.5999755859373,1336.5860595703125,7694.5,721.8157958984375,-0.024239319501531423,-0.9468387891995546,0.8870754171056572,-0.723928320314436
2249,2023-01-11,1874.5999755859373,1387.9327392578125,7725.0,681.7689208984375,0.0034255389387508653,-0.8433756593084077,1.014832187849671,-0.8357219942585457
2250,2023-01-12,1895.5,1417.9384765625,7794.0,638.1947021484375,0.19615761120991393,-0.7829143497334037,1.3038557019918668,-0.9573624968772096
2251,2023-01-13,1918.4000244140625,1451.6148681640625,7844.10009765625,638.2763061523438,0.40733292244126307,-0.7150567024669572,1.5137123147958746,-0.9571346935491041
2252,2023-01-17,1907.199951171875,1567.8460693359375,7851.0,448.262939453125,0.3040501088526262,-0.48085180475129663,1.542614257152811,-1.4875703982525301
2253,2023-01-18,1904.4000244140625,1515.5069580078125,7830.7001953125,377.8716735839844,0.2782302497199457,-0.5863146760934387,1.4575835196574274,-1.684072577887966
2254,2023-01-19,1922.0999755859373,1552.5565185546875,7747.2998046875,407.77288818359375,0.44145246424322043,-0.511660121629532,1.1082404185085966,-1.600601229986748
2255,2023-01-20,1926.4000244140625,1659.754150390625,7770.60009765625,523.4253540039062,0.48110587828201584,-0.29565779053109165,1.2058394410357098,-1.277749220816287
2256,2023-01-23,1927.0999755859373,1628.2510986328125,7784.7001953125,407.843505859375,0.48756056164369094,-0.3591361761993193,1.2649011768959637,-1.6004040957678862
2257,2023-01-24,1933.9000244140625,1556.604248046875,7757.39990234375,402.9241333007813,0.5502680243827216,-0.5035039805749747,1.1505471680417665,-1.6141368709675745
2258,2023-01-25,1941.199951171875,1611.7110595703125,7744.89990234375,371.38079833984375,0.6175851711758255,-0.39246421649994034,1.0981878357696297,-1.7021923135890749
2259,2023-01-26,1929.0999755859373,1603.10595703125,7761.10009765625,320.3238525390625,0.5060038006038792,-0.4098034261069522,1.1660463485088859,-1.8447213761297756
2260,2023-01-27,1928.5999755859373,1598.156494140625,7765.2001953125,432.0359802246094,0.501392990863832,-0.4197765524134777,1.18322061855143,-1.5328690985655267
2261,2023-01-30,1922.9000244140625,1567.3265380859375,7784.89990234375,442.8973693847656,0.4488302101016865,-0.4818986558725064,1.2657376990404676,-1.502548765247369
2262,2023-01-31,1929.5,1586.535400390625,7771.7001953125,441.9158630371094,0.5096926735331132,-0.443192959072118,1.2104474713329414,-1.5052887093904253
2263,2023-02-01,1927.800048828125,1641.792724609375,7761.10009765625,525.2621459960938,0.4940163706913419,-0.3318499131755489,1.1660463485088859,-1.2726216865185982
2264,2023-02-02,1916.300048828125,1643.2415771484375,7820.2001953125,437.9725646972656,0.3879677466702598,-0.3289304874336224,1.4136016805488323,-1.5162967046177394
2265,2023-02-03,1862.9000244140625,1664.74560546875,7901.7998046875,442.91595458984375,-0.10446695870395929,-0.28560005031815255,1.7554017653922085,-1.502496883337565
2266,2023-02-06,1866.199951171875,1616.2470703125,7836.7001953125,440.9234313964844,-0.07403628983123178,-0.38332419281266705,1.482715999148053,-1.5080591522587852
2267,2023-02-07,1871.699951171875,1672.0035400390625,7864.7001953125,503.4311828613281,-0.023317382690714258,-0.27097537289480406,1.6000009034376397,-1.3335643586889951
2268,2023-02-08,1877.4000244140625,1650.716796875,7885.2001953125,566.0733032226562,0.02924652375740511,-0.3138679822387153,1.685870208363944,-1.1586944648747588
2269,2023-02-09,1866.199951171875,1546.438232421875,7911.2001953125,570.9411010742188,-0.07403628983123178,-0.5239884169881214,1.794777619489989,-1.145105664104576
2270,2023-02-10,1862.800048828125,1514.869140625,7882.5,490.745849609375,-0.10538889551477436,-0.5875998727824239,1.6745597744785958,-1.3689763604854204
2271,2023-02-13,1851.9000244140625,1507.1658935546875,7947.60009765625,487.2945861816406,-0.20590477298499435,-0.6031218511668094,1.947247586009168,-1.3786108055784612
2272,2023-02-14,1854.0,1556.8751220703125,7953.89990234375,442.0425109863281,-0.18653959721399108,-0.5029581716844755,1.9736358713597584,-1.50493516271442
2273,2023-02-15,1834.199951171875,1673.7459716796875,7997.7998046875,586.31787109375,-0.3691281131942429,-0.26746438771995706,2.15752143724222,-1.1021803268872017
2274,2023-02-16,1842.0,1640.067626953125,8012.5,799.323974609375,-0.29719903097512024,-0.3353259705169344,2.2190968301088194,-0.5075587769028131
2275,2023-02-17,1840.4000244140625,1694.7833251953125,8004.39990234375,846.3101196289062,-0.31195339700607644,-0.22507429643070553,2.185167573739191,-0.3763936416405953
2276,2023-02-21,1833.0,1658.036376953125,7977.7998046875,820.1443481445312,-0.3801936062959671,-0.29911908963298645,2.0737465056068007,-0.44943723682299846
2277,2023-02-22,1832.0,1643.231689453125,7930.60009765625,846.993408203125,-0.3894152257760612,-0.3289504110569349,1.876038894119062,-0.37448619342956896
2278,2023-02-23,1818.0,1651.0738525390625,7907.7001953125,879.6139526367188,-0.5185178984973786,-0.31314851806354177,1.7801170064537906,-0.2834236446467108
2279,2023-02-24,1808.800048828125,1608.3731689453125,7878.7001953125,1000.0701293945312,-0.6033563474398556,-0.3991900381771868,1.658643355582433,0.05283826215667735
2280,2023-02-27,1817.0,1634.326416015625,7935.10009765625,999.4051513671876,-0.5277395179774726,-0.3468944625124089,1.8948882537370313,0.05098192912772436
2281,2023-02-28,1828.9000244140625,1605.8951416015625,7876.2998046875,995.0647583007812,-0.41800202102715855,-0.40418324253822036,1.6485887275570492,0.038865415985185586
2282,2023-03-01,1837.699951171875,1663.4337158203125,7914.89990234375,921.3914794921876,-0.33685244501391354,-0.2882434969816022,1.8102747546706912,-0.1667987340769954
2283,2023-03-02,1833.5,1647.3193359375,7944.0,985.7221069335938,-0.3755827965559201,-0.3207138375971531,1.9321676892575093,0.012784746252107784
2284,2023-03-03,1847.699951171875,1569.1676025390625,7947.10009765625,958.8215942382812,-0.24463625021297258,-0.4781889264058508,1.9451532127182827,-0.06230993080294705
2285,2023-03-06,1847.9000244140625,1567.398681640625,7929.7998046875,839.1392822265625,-0.24279125090537074,-0.4817532872135226,1.872686669681795,-0.3964115396279874
2286,2023-03-07,1813.9000244140625,1561.93310546875,7919.5,866.0447387695312,-0.5563263132285701,-0.4927663774628289,1.829543398004121,-0.32130306147377286
2287,2023-03-08,1812.699951171875,1534.0882568359375,7929.89990234375,837.9505615234375,-0.567392932016266,-0.5488735144467485,1.8731059533972556,-0.3997299372481705
2288,2023-03-09,1829.300048828125,1438.6607666015625,7880.0,885.1870727539062,-0.4143131480979266,-0.741159108712912,1.6640879080241684,-0.2678658870630737
2289,2023-03-10,1862.0,1429.1580810546875,7748.39990234375,819.0819091796875,-0.11276664137323832,-0.7603069405695141,1.1128484488058281,-0.4524031100708177
2290,2023-03-13,1911.699951171875,1680.3089599609375,7548.60009765625,836.8556518554688,0.3455473965130496,-0.2542400212536216,0.2759376998825589,-0.40278645475219926
2291,2023-03-14,1906.199951171875,1703.507080078125,7637.10009765625,798.6410522460938,0.2948284893725321,-0.20749600334394366,0.646641772369288,-0.509465202810198
2292,2023-03-15,1926.5999755859373,1656.1805419921875,7344.5,846.944580078125,0.48294975190364386,-0.3028585815492817,-0.5789858865141755,-0.3746225005817638
2293,2023-03-16,1919.0,1677.2154541015625,7410.0,829.0762939453125,0.4128656689921252,-0.2604734096731937,-0.30462298540817817,-0.4245030806238194
2294,2023-03-17,1969.800048828125,1792.485107421875,7335.39990234375,852.1436157226562,0.881324388855294,-0.028206022832009105,-0.6171038894655745,-0.36010902616787926
2295,2023-03-20,1979.199951171875,1735.3212890625,7403.89990234375,881.6286010742188,0.9680067114194011,-0.14339063846801775,-0.3301747486142644,-0.2777996115471522
2296,2023-03-21,1938.0,1806.7607421875,7536.2001953125,830.0635986328125,0.588076439113913,0.0005592617593915935,0.22399765132588248,-0.42174695000644
2297,2023-03-22,1946.800048828125,1737.717041015625,7566.7998046875,753.4990844726562,0.6692271408131297,-0.13856321833059682,0.35217166049894005,-0.6354821873179575
2298,2023-03-23,1993.800048828125,1816.4051513671875,7499.60009765625,762.645751953125,1.1026432563775523,0.019992665550139416,0.07068911737578233,-0.6099486204170017
2299,2023-03-24,1982.0999755859373,1752.0447998046875,7405.5,835.9403076171875,0.9947496330488662,-0.10969290426815367,-0.32347234502614747,-0.4053417027040316
2300,2023-03-27,1952.4000244140625,1715.4608154296875,7471.7998046875,857.3306884765625,0.7208679847644623,-0.18340932664176562,-0.045759264769300215,-0.3456289470062825
2301,2023-03-28,1972.4000244140625,1772.78564453125,7484.2998046875,796.2031860351562,0.9053003743663443,-0.06790027570761889,0.006600067502836665,-0.5162706781514054
2302,2023-03-29,1966.0999755859373,1793.0018310546875,7564.2998046875,795.9852294921875,0.8472037213673607,-0.02716482903593742,0.3416997940445127,-0.516879119202015
2303,2023-03-30,1980.300048828125,1792.7371826171875,7620.39990234375,707.2392578125,0.978151393396282,-0.027698093422869483,0.5766888863391464,-0.7646197536912773
2304,2023-03-31,1969.0,1822.0220947265625,7631.7001953125,672.1482543945312,0.87394664299683,0.031310759415587676,0.6240229498850083,-0.8625787628394328
2305,2023-04-03,1983.9000244140625,1810.297119140625,7673.0,724.29296875,1.0113489983874264,0.007685031726837066,0.7970173655975817,-0.7170131177157119
2306,2023-04-04,2022.199951171875,1871.005126953125,7634.5,681.1911010742188,1.3645363490634472,0.13001115945241465,0.6357506221994002,-0.8373350190208312
2307,2023-04-05,2020.9000244140625,1909.114013671875,7662.89990234375,724.3206176757812,1.352548919150908,0.2068002472879986,0.7547106160644118,-0.7169359337907816
2308,2023-04-06,2011.9000244140625,1872.922607421875,7741.60009765625,763.370849609375,1.2695543438300612,0.1338748665510903,1.0843657901643524,-0.6079244592069085
2310,2023-04-11,2004.800048828125,1892.189697265625,7785.7001953125,887.9764404296875,1.2040810706585874,0.17269789135543007,1.2690899234777346,-0.2600791706100039
2311,2023-04-12,2010.9000244140625,1920.68212890625,7824.7998046875,767.1693725585938,1.260332724349967,0.2301099026809892,1.4328682785958453,-0.5973206146858522
2312,2023-04-13,2041.300048828125,2012.6346435546875,7843.39990234375,639.1133422851562,1.5406701816820219,0.41539345022077134,1.5107793740740683,-0.9547980481926043
2313,2023-04-14,2002.199951171875,2101.635498046875,7871.89990234375,724.1082763671875,1.1801039594615654,0.5947294272457854,1.6301586516545403,-0.7175286995188888
2314,2023-04-17,1994.199951171875,2076.242919921875,7879.5,544.6967163085938,1.1063310036208125,0.5435635948140236,1.661993534733283,-1.218368713802013
2315,2023-04-18,2007.4000244140625,2104.537353515625,7909.39990234375,716.0021362304688,1.2280570561696376,0.6005766417320164,1.787236648470951,-0.7401575610065728
2316,2023-04-19,1995.199951171875,1936.4034423828125,7898.7998046875,661.6840209960938,1.1155526231009067,0.26178821777720374,1.7428355256468955,-0.8917904078584258
2317,2023-04-20,2007.5999755859373,1943.09765625,7902.60009765625,658.1785888671875,1.2299009297912658,0.27527700270108163,1.7587539898294753,-0.9015760686984327
2318,2023-04-21,1979.5,1849.9998779296875,7914.10009765625,706.339111328125,0.970773647537818,0.08768575844626415,1.8069245755198413,-0.7671325760419889
2319,2023-04-24,1989.0999755859373,1842.7574462890625,7912.2001953125,723.5634155273438,1.059300969409525,0.07309231929650441,1.7989663660717599,-0.7190497169534429
2320,2023-04-25,1994.0,1866.753662109375,7891.10009765625,754.4943237304688,1.1044871299991825,0.12144449336935662,1.7105834041391095,-0.6327039067883464
2321,2023-04-26,1985.699951171875,1866.564208984375,7852.60009765625,742.7196044921875,1.0279472380400128,0.12106274690786283,1.5493166607409279,-0.6655738653883083
2322,2023-04-27,1989.9000244140625,1908.786376953125,7831.60009765625,925.0499267578124,1.066678715267991,0.20614006204144616,1.461352982523738,-0.15658592069879856
2323,2023-04-28,1990.0999755859373,1892.5128173828125,7870.60009765625,764.7205810546875,1.068522588889619,0.17334897568762989,1.6247140992128049,-0.604156588752363
2325,2023-05-02,2014.300048828125,1870.789306640625,7773.0,640.3653564453125,1.2916864557194814,0.12957628332875418,1.2158920237746769,-0.9513029624263887
2326,2023-05-03,2028.5999755859373,1904.65185546875,7788.39990234375,628.33154296875,1.4235549388732418,0.19780903584892362,1.280398312076666,-0.9848962008526844
2327,2023-05-04,2048.0,1877.7041015625,7702.60009765625,623.6896362304688,1.6024545819242637,0.1435095372319615,0.9210046734752853,-0.9978544106600259
2328,2023-05-05,2017.4000244140625,1995.0609130859373,7778.39990234375,673.4402465820312,1.3202732509705786,0.3799825303866901,1.2385108462589565,-0.8589720755923577
2330,2023-05-09,2036.199951171875,1848.6031494140625,7764.10009765625,777.3311157226562,1.4936390217847646,0.08487136217538009,1.1786125882541987,-0.5689533924747061
2331,2023-05-10,2030.5,1842.4014892578125,7741.2998046875,772.8131713867188,1.441076241022617,0.07237506885725446,1.083107939017971,-0.581565552499413
2332,2023-05-11,2014.699951171875,1796.4906005859375,7730.60009765625,856.359375,1.2953742029627415,-0.020134987625181757,1.038289577764872,-0.3483404370313181
2333,2023-05-12,2014.5,1808.019775390625,7754.60009765625,860.7052001953125,1.2935303293411113,0.0030962031278497434,1.1388194957273747,-0.336208759718098
2334,2023-05-15,2018.0,1817.5499267578125,7777.7001953125,724.9090576171875,1.3258059975214407,0.022299378382542027,1.235579950823567,-0.7152932622228936
2335,2023-05-16,1988.4000244140625,1824.1214599609373,7751.10009765625,688.696533203125,1.0528462860478498,0.03554096279494957,1.1241588826911764,-0.816383076273024
2336,2023-05-17,1980.699951171875,1821.859619140625,7723.2001953125,740.1353759765625,0.9818391406395423,0.03098337246955143,1.0072932621170503,-0.6727879214182196
2337,2023-05-18,1956.5,1801.728515625,7742.2998046875,735.6648559570312,0.7586763994956538,-0.009580632653379278,1.087296685599742,-0.6852676931213573
2338,2023-05-19,1978.699951171875,1812.5894775390625,7756.89990234375,735.8792724609375,0.9633959016793541,0.012304114716780406,1.1484527947508811,-0.6846691343392818
2339,2023-05-22,1974.800048828125,1817.5347900390625,7771.0,811.400634765625,0.9274324862557645,0.02226887802092783,1.2075145306111348,-0.4738459289504665
2340,2023-05-23,1972.4000244140625,1854.380615234375,7763.0,967.77490234375,0.9053003743663443,0.09651290745633373,1.1740045579569673,-0.037316140224682756
2341,2023-05-24,1962.800048828125,1800.0999755859375,7627.10009765625,799.7003173828125,0.8167730524946353,-0.012862127204145245,0.6047543065515785,-0.5065081895272715
2342,2023-05-25,1943.0999755859373,1805.9537353515625,7570.89990234375,800.1114501953125,0.6351064733251964,-0.0010668502618297396,0.36934593054148435,-0.5053604833057911
2343,2023-05-26,1944.0999755859373,1828.689697265625,7627.2001953125,807.8291625976562,0.6443280928052906,0.04474592273598253,0.605173590267039,-0.4838159452138169
2344,2023-05-30,1958.0,1901.026611328125,7522.10009765625,800.2733154296875,0.772508828715795,0.19050419924232384,0.16493591546562872,-0.5049086250962652
2345,2023-05-31,1963.9000244140625,1874.1304931640625,7446.10009765625,800.3624877929688,0.8269166087855445,0.13630874621377145,-0.1534088247489635,-0.5046596941595695
2346,2023-06-01,1978.0,1862.201416015625,7490.2998046875,800.1815185546875,0.9569412183176769,0.11227175558454555,0.03173254699346237,-0.5051648825423916
2347,2023-06-02,1952.4000244140625,1907.256591796875,7607.2998046875,800.3361206054688,0.7208679847644623,0.20305755775314702,0.5218158970606636,-0.5047333000217546
2348,2023-06-05,1958.0,1811.828369140625,7600.0,800.302978515625,0.772508828715795,0.010770487663034374,0.4912388651283024,-0.5048258185013069
2349,2023-06-06,1965.5,1884.494873046875,7628.10009765625,801.1660766601562,0.8416709748165007,0.15719288494645897,0.6089430531333494,-0.502416419202323
2350,2023-06-07,1942.699951171875,1832.39599609375,7624.2998046875,801.7452392578125,0.6314176003959666,0.05221408385961317,0.5930245889507697,-0.5007996459933521
2351,2023-06-08,1963.5999755859373,1846.3018798828125,7599.7001953125,802.2424926757812,0.8241496726671255,0.0802343233273897,0.48998305926833785,-0.4994115280321881
2352,2023-06-09,1962.199951171875,1840.2252197265625,7562.39990234375,805.0333251953125,0.8112391802578015,0.06798990396323934,0.3337415845964313,-0.49162072236455245
2353,2023-06-12,1955.300048828125,1742.5286865234375,7570.7001953125,810.5126342773438,0.7476109063939296,-0.1288677928971554,0.36850940839698026,-0.47632484489706967
2354,2023-06-13,1944.5999755859373,1739.03759765625,7594.7998046875,810.634765625,0.6489389025453376,-0.13590230775041645,0.46945656478852665,-0.47598390663264234
2355,2023-06-14,1955.300048828125,1650.519287109375,7602.7001953125,811.095703125,0.7476109063939296,-0.31426596276364893,0.5025492990136506,-0.4746971671159232
2356,2023-06-15,1957.800048828125,1665.519775390625,7628.2998046875,814.3323974609375,0.7706649550941648,-0.28404010440398136,0.6097795752778535,-0.46566170676480856
2357,2023-06-16,1958.4000244140625,1716.6688232421875,7642.7001953125,814.497314453125,0.7761977016450269,-0.1809752010084263,0.6700991622844887,-0.4652013293582705
2358,2023-06-20,1935.5,1792.1199951171875,7569.2998046875,816.0947265625,0.5650223904136777,-0.028941721070622477,0.36264352695336743,-0.4607420408742168
2359,2023-06-21,1933.300048828125,1891.0072021484373,7559.2001953125,816.4716186523438,0.5447352778318595,0.1703151735896497,0.32033882270661435,-0.4596899200432129
2360,2023-06-22,1912.699951171875,1872.9429931640625,7502.0,816.7357177734375,0.3547690159931437,0.13391594365100618,0.08074170011474924,-0.45895266873377916
2361,2023-06-23,1919.0999755859373,1892.862060546875,7461.89990234375,817.1195068359375,0.41378760580293816,0.17405269774067997,-0.08722744687154925,-0.4578812945175278
2362,2023-06-26,1923.699951171875,1859.432861328125,7453.60009765625,817.0931396484375,0.45620683027417874,0.10669314105704596,-0.12199322538568139,-0.45795490037971304
2363,2023-06-27,1914.0,1889.703369140625,7461.5,817.8671264648438,0.36675757159165473,0.1676879609896403,-0.08890253644697425,-0.45579426163348474
2364,2023-06-28,1912.300048828125,1827.97119140625,7500.5,817.5591430664062,0.35108126874988344,0.043298139441940976,0.07445858024209281,-0.45665401899595365
2365,2023-06-29,1909.199951171875,1852.227294921875,7471.7001953125,817.6773071289062,0.32249334781281436,0.09217398504605627,-0.04617650319834381,-0.4563241556876421
2366,2023-06-30,1921.0999755859373,1933.18896484375,7531.5,817.8667602539062,0.43223084476312634,0.25531107243537626,0.20430972427699226,-0.4557952839371262
2367,2023-07-03,1921.699951171875,1955.38916015625,7527.2998046875,817.7411499023438,0.43776359131399056,0.30004428021444096,0.18671617051898753,-0.4561459340861474
2368,2023-07-05,1919.5999755859373,1910.5880126953125,7442.10009765625,817.7096557617188,0.41839841554298524,0.20977034298550995,-0.1701638110760473,-0.45623385219931306
2369,2023-07-06,1908.699951171875,1848.636474609375,7280.5,818.3348999023438,0.31788253807276734,0.08493851216506296,-0.8470656677475162,-0.45448843911545833
2370,2023-07-07,1926.199951171875,1870.6025390625,7256.89990234375,818.5186157226562,0.479260878974414,0.12919994822174033,-0.9459204961345941,-0.4539755834553253
2371,2023-07-10,1925.0,1880.556396484375,7273.7998046875,818.440185546875,0.4681953858726898,0.1492568876309719,-0.8751310879599484,-0.4541945268185382
2372,2023-07-11,1931.300048828125,1878.3360595703125,7282.5,818.4715576171875,0.5262920388716713,0.14478292732935416,-0.8386881745839744,-0.45410694947325303
2373,2023-07-12,1956.199951171875,1872.11376953125,7416.10009765625,818.42919921875,0.7559094633772369,0.13224506496999627,-0.279071222202092,-0.45422519592778204
2374,2023-07-13,1959.199951171875,2006.511474609375,7440.2001953125,819.1935424804688,0.7835743218175192,0.40305531603585476,-0.17812202052412873,-0.45209147784411224
2375,2023-07-14,1960.0999755859373,1939.3470458984373,7434.60009765625,840.6473999023438,0.7918740044867961,0.26771955422853155,-0.20157941043932945,-0.39220152284850995
2376,2023-07-17,1952.4000244140625,1911.6461181640625,7406.39990234375,840.2111206054688,0.7208679847644623,0.2119024166506055,-0.319702882159837,-0.39341942725337076
2377,2023-07-18,1977.199951171875,1897.5992431640625,7453.7001953125,840.2472534179688,0.9495634724592129,0.18359808107263223,-0.12157394167022091,-0.39331855996074655
2378,2023-07-19,1977.5,1889.0079345703125,7588.2001953125,840.0946655273438,0.9523304085776298,0.16628666614999457,0.44181247357797193,-0.3937445198113554
2379,2023-07-20,1968.300048828125,1890.9691162109373,7646.10009765625,840.0784301757812,0.8674919596351528,0.17023843074429784,0.6843404916052266,-0.39378984193946015
2380,2023-07-21,1964.300048828125,1892.080078125,7663.7001953125,840.2005615234375,0.8306054817147764,0.17247700970438534,0.7580628405016787,-0.3934489036750329
2381,2023-07-24,1960.300048828125,1850.0020751953125,7678.60009765625,839.9722290039062,0.7937190037944001,0.08769018591811138,0.8204747555127825,-0.39408630999548394
2382,2023-07-25,1962.0999755859373,1857.741943359375,7691.7998046875,839.8573608398438,0.8103172434469843,0.10328595549995052,0.8757649832203088,-0.39440697257102225
2383,2023-07-26,1968.9000244140625,1872.159912109375,7676.89990234375,839.9376831054688,0.8730247061860149,0.13233804187878792,0.813353068209205,-0.3941827473056618
2384,2023-07-27,1945.4000244140625,1860.357177734375,7692.7998046875,839.8822021484375,0.6563166484038037,0.10855563088077731,0.8799537298020799,-0.39433762630734315
2385,2023-07-28,1960.4000244140625,1874.744873046875,7694.2998046875,840.2606811523438,0.7946409406052152,0.1375467165363863,0.8862368496747363,-0.39328107549389296
2386,2023-07-31,1970.5,1856.162353515625,7699.39990234375,848.0093383789062,0.8877790722169712,0.10010309518311433,0.9075998662990514,-0.3716501527442153
2387,2023-08-01,1940.699951171875,1871.7921142578125,7666.2998046875,859.9615478515625,0.6129743614357784,0.13159693228569463,0.7689519453851497,-0.3382847176460252
2388,2023-08-02,1937.4000244140625,1839.0897216796875,7561.60009765625,859.5185546875,0.5825436925630509,0.06570188490085833,0.33039140544558127,-0.3395213642843128
2389,2023-08-03,1932.0,1835.136474609375,7529.2001953125,859.4916381835938,0.5327467222333484,0.0577361251357316,0.19467642525348583,-0.3395965036019602
2390,2023-08-04,1939.5999755859373,1827.712890625,7564.39990234375,858.7991333007812,0.6028308051448672,0.04277766552923422,0.3421190777599732,-0.34152967978796334
2391,2023-08-07,1933.5,1826.9388427734373,7554.5,859.0314331054688,0.5465791514534896,0.04121796558572076,0.3006508956577241,-0.3408811985113964
2392,2023-08-08,1924.0999755859373,1855.807373046875,7527.39990234375,859.59814453125,0.45989570320340867,0.09938781250912981,0.187135454234448,-0.33929918362623523
2393,2023-08-09,1915.4000244140625,1854.297607421875,7587.2998046875,859.4109497070312,0.3796680640009808,0.09634564740877201,0.43804096542524457,-0.33982175117096214
2394,2023-08-10,1914.4000244140625,1850.75341796875,7618.60009765625,859.1865234375,0.3704464445208867,0.08920413531920308,0.5691499606065255,-0.34044825291923764
2395,2023-08-11,1912.9000244140625,1847.1243896484373,7524.2001953125,864.2006225585938,0.35661401530074555,0.0818916736221993,0.1737326923446311,-0.326451041844291
2396,2023-08-14,1910.5999755859373,1844.185791015625,7507.2001953125,886.3782958984375,0.3354038402221383,0.07597042196785682,0.10252400045452494,-0.26454050370134063
2397,2023-08-15,1902.5,1826.9327392578125,7389.60009765625,886.0595703125,0.2607089475705726,0.04120566705281227,-0.3900730066190222,-0.26543024863729237
2398,2023-08-16,1896.0999755859373,1805.6590576171875,7356.89990234375,885.98193359375,0.20169035776077393,-0.0016606234306738325,-0.527045837957499,-0.26564697700928214
2399,2023-08-17,1884.0999755859373,1684.9334716796875,7310.2001953125,887.18017578125,0.09103092399964478,-0.2449216688391686,-0.7226590761543523,-0.26230199949442107
2400,2023-08-18,1886.0999755859373,1660.945068359375,7262.39990234375,889.85205078125,0.10947416295983298,-0.29325810078989734,-0.9228823899348538,-0.25484327212632013
2401,2023-08-21,1893.300048828125,1667.26904296875,7257.7998046875,889.8604736328125,0.1758704986280956,-0.28051534487227636,-0.9421510332682836,-0.2548197591425665
2402,2023-08-22,1896.4000244140625,1633.892578125,7270.7998046875,889.5364379882812,0.20445729387919295,-0.34776864223157705,-0.8876973277052612,-0.25572432748131946
2403,2023-08-23,1918.5,1679.2744140625,7320.5,890.0377807617188,0.40825485925207816,-0.2563246225816886,-0.6795158044766783,-0.254324793796159
2404,2023-08-24,1918.199951171875,1659.944580078125,7333.60009765625,889.5339965820312,0.4054879231336612,-0.2952740763043324,-0.6246428151981954,-0.25573114283892917
2405,2023-08-25,1911.0999755859373,1652.93505859375,7338.60009765625,889.5858764648438,0.3400146499621854,-0.3093982034382866,-0.6036990822893407,-0.2555863164897222
2407,2023-08-29,1936.5,1729.7257080078125,7465.0,890.142822265625,0.5742440098937719,-0.15466568746828468,-0.07424192341077593,-0.2540315630349999
2408,2023-08-30,1944.300048828125,1705.1121826171875,7473.7001953125,890.1719970703125,0.6461730921128945,-0.20426173515954807,-0.037799010034801905,-0.2539501195115635
2409,2023-08-31,1938.199951171875,1645.63916015625,7439.10009765625,889.7469482421875,0.5899203127355431,-0.32409937773632874,-0.18273005082136015,-0.2551366732714195
2410,2023-09-01,1939.800048828125,1628.4912109375,7464.5,889.7849731445312,0.604675804452471,-0.3586523519146812,-0.0763362967016614,-0.2550305240766478
2411,2023-09-05,1926.199951171875,1633.62939453125,7437.89990234375,889.7145385742188,0.479260878974414,-0.348298954970611,-0.18775736483405206,-0.2552271471436888
2412,2023-09-06,1918.0999755859373,1632.2523193359375,7426.10009765625,889.6639404296875,0.4045659863228441,-0.3510737499655282,-0.23718375638438252,-0.25536839543015066
2413,2023-09-07,1917.5,1647.5982666015625,7441.7001953125,889.7752075195312,0.39903323977198407,-0.3201517946432141,-0.1718389006514723,-0.25505778550708674
2414,2023-09-08,1918.4000244140625,1636.1378173828125,7478.2001953125,889.8230590820312,0.40733292244126307,-0.34324450391569084,-0.01894965041683263,-0.2549242044979358
2415,2023-09-11,1923.300048828125,1551.6376953125,7496.89990234375,889.7437133789062,0.4525190830309185,-0.5135115427736453,0.059378683490434014,-0.2551457036202524
2416,2023-09-12,1911.300048828125,1592.429443359375,7527.5,890.165283203125,0.34185964926978935,-0.43131651181260344,0.18755473794990848,-0.2539688617449903
2417,2023-09-13,1909.0999755859373,1607.988525390625,7526.0,890.2756958007812,0.3215714110019972,-0.3999650917211088,0.18127161807725203,-0.25366063719708976
2418,2023-09-14,1910.0,1626.974365234375,7673.10009765625,890.222900390625,0.3298710936712783,-0.3617087833132134,0.7974366493130423,-0.2538080193054004
2419,2023-09-15,1923.699951171875,1641.640380859375,7711.39990234375,890.2991943359375,0.45620683027417874,-0.33215688455695624,0.9578648252803028,-0.253595039380096
2420,2023-09-18,1931.5,1637.3470458984375,7652.89990234375,890.1909790039062,0.5281359124933014,-0.3408079185757697,0.7128231502467023,-0.2538971301061478
2421,2023-09-19,1932.0,1643.544677734375,7660.2001953125,890.3749389648438,0.5327467222333484,-0.32831974228936395,0.7434022274654803,-0.25338359291025375
2422,2023-09-20,1945.5999755859373,1622.890625,7731.7001953125,890.1973266601562,0.6581605220254317,-0.36993748571193347,1.0428976080621033,-0.25387941017636245
2423,2023-09-21,1919.199951171875,1584.3070068359375,7678.60009765625,890.0066528320312,0.4147095426137553,-0.4476831534371755,0.8204747555127825,-0.2544116896056832
2424,2023-09-22,1925.4000244140625,1593.268310546875,7683.89990234375,890.1940307617188,0.47188425880192175,-0.4296262014495974,0.8426742942816017,-0.2538886109091356
2425,2023-09-25,1916.5999755859373,1588.3228759765625,7624.0,889.78857421875,0.3907335571027029,-0.439591210724403,0.5917687830908052,-0.2550204714241734
2426,2023-09-26,1900.4000244140625,1593.417236328125,7625.7001953125,889.6664428710938,0.24134377179956934,-0.429326117246619,0.5988904703943826,-0.2553614096886007
2427,2023-09-27,1871.5999755859373,1597.4912109375,7593.2001953125,889.5151977539062,-0.024239319501531423,-0.42111709250055324,0.46275620648682664,-0.25578362109252417
2428,2023-09-28,1860.4000244140625,1652.8826904296875,7601.89990234375,890.0575561523438,-0.12752100740419453,-0.3095037248506454,0.4991970745763838,-0.25426958939952016
2429,2023-09-29,1848.0999755859373,1667.94384765625,7608.10009765625,890.1558227539062,-0.2409473772837427,-0.2791556190738629,0.5251681214979305,-0.2539952712557281
2430,2023-10-02,1830.0,1663.6275634765625,7510.7001953125,890.3223266601562,-0.4078584647362494,-0.28785289557641397,0.11718461349072326,-0.25353046386674366
2431,2023-10-03,1824.5999755859373,1656.6856689453125,7470.2001953125,890.0704956054688,-0.45765543506595396,-0.30184075496573703,-0.05245962307100023,-0.2542334680041885
2432,2023-10-04,1818.5,1647.838134765625,7412.5,890.3717651367188,-0.5139070887573315,-0.3196684622998924,-0.29415111895375085,-0.25339245287514645
2433,2023-10-05,1816.5999755859373,1611.4764404296875,7451.5,889.9706420898438,-0.5314283909067067,-0.39293697210496037,-0.13079000226468376,-0.2545122161304269
2434,2023-10-06,1830.199951171875,1645.83154296875,7494.60009765625,890.4364013671875,-0.40601459111461924,-0.3237117279790387,0.049745384466927584,-0.2532120162824285
2435,2023-10-09,1849.5,1579.806640625,7492.2001953125,890.0560913085938,-0.22803688487441454,-0.45675135369226055,0.03969280172796068,-0.254273678614086
2436,2023-10-10,1861.0,1567.7130126953125,7628.2001953125,890.1638793945312,-0.12198826085333242,-0.4811199127687117,0.6093623368488099,-0.2539727805756159
2437,2023-10-11,1872.800048828125,1566.2547607421875,7620.0,889.9205932617188,-0.013172700713833398,-0.484058278251318,0.5750137967637213,-0.25465193096142663
2438,2023-10-12,1869.300048828125,1539.6124267578125,7644.7998046875,889.7732543945312,-0.04544836889416273,-0.5377423582815163,0.6788938938770742,-0.2550632377931745
2439,2023-10-13,1927.4000244140625,1552.0894775390625,7599.60009765625,890.1246948242188,0.49032749776210993,-0.5126012053677249,0.4895637755528774,-0.2540821670652523
2440,2023-10-16,1921.0999755859373,1600.5343017578125,7630.60009765625,890.51025390625,0.43223084476312634,-0.4149852899628091,0.6194149195877768,-0.25300585171473383
2441,2023-10-17,1922.699951171875,1565.4395751953125,7675.2001953125,890.3623657226562,0.44698521079408465,-0.4857008703066373,0.8062334261920446,-0.25341869200194395
2442,2023-10-18,1955.300048828125,1563.7498779296875,7588.0,890.3057250976562,0.7476109063939296,-0.48910559615715093,0.44097390614705095,-0.25357680829848994
2443,2023-10-19,1968.4000244140625,1567.45703125,7499.5,890.409912109375,0.8684138964459679,-0.4816357132389131,0.07026983366032186,-0.2532859629124942
2444,2023-10-20,1982.5,1604.6668701171875,7402.10009765625,890.5248413085938,0.9984385059781004,-0.4066581993008174,-0.3377136743468853,-0.2529651299530156
2445,2023-10-23,1976.300048828125,1765.3826904296875,7374.7998046875,890.3497314453125,0.9412649154759056,-0.08281716627288402,-0.4520676832010824,-0.2534539614775743
2446,2023-10-24,1975.0,1784.4375,7389.7001953125,890.1094360351562,0.9292763598773947,-0.0444218844431175,-0.38965372290356176,-0.2541247630503131
2447,2023-10-25,1984.0999755859373,1787.3975830078125,7414.2998046875,890.3170166015625,1.0131928720090544,-0.03845734195293506,-0.28661219322112985,-0.2535452872695449
2448,2023-10-26,1987.199951171875,1804.039306640625,7354.60009765625,890.1183471679688,1.0417796672601538,-0.004924408094050911,-0.5366791369810054,-0.25409988699503755
2449,2023-10-27,1988.5999755859373,1780.0452880859375,7291.2998046875,890.204345703125,1.054690159669478,-0.053272154695055904,-0.8018280227789567,-0.25385981602323443
2450,2023-10-30,1996.199951171875,1810.088623046875,7327.39990234375,890.4459838867188,1.1247742425810008,0.0072649138426673435,-0.650613862119742,-0.2531852660038103
2451,2023-10-31,1985.199951171875,1816.458984375,7321.7001953125,890.3884887695312,1.0233364282999657,0.020101138610396353,-0.6744884904639864,-0.2533457676755197
2452,2023-11-01,1978.800048828125,1847.0897216796875,7342.39990234375,890.435791015625,0.9643189641761408,0.08182181795527692,-0.5877826633931779,-0.25321372012183097
2453,2023-11-02,1985.5999755859373,1800.6209716796875,7446.5,890.2254638671875,1.0270253012291957,-0.011812324435037297,-0.1517337351735385,-0.2538008631799102
2454,2023-11-03,1991.5,1832.795166015625,7417.7001953125,890.5844116210938,1.0814330812989472,0.05301840791185848,-0.2723688186139751,-0.2527988352273379
2455,2023-11-06,1981.5999755859373,1899.83740234375,7417.7998046875,890.2952880859375,0.9901388233088192,0.1881079530903441,-0.27195158018493154,-0.2536059439522716
2456,2023-11-07,1966.800048828125,1888.124267578125,7410.0,890.3848876953125,0.8536595304150116,0.16450608455543683,-0.30462298540817817,-0.2533558203279941
2457,2023-11-08,1951.5,1889.3223876953125,7401.7001953125,890.260498046875,0.7125683020951833,0.16692028656546368,-0.3393887639223103,-0.25370306279821037
2458,2023-11-09,1964.199951171875,2120.56103515625,7455.7001953125,890.1031494140625,0.8296824192179897,0.6328642261485403,-0.11319644850667901,-0.2541423125961582
2459,2023-11-10,1932.5999755859373,2078.289794921875,7360.60009765625,890.1781005859375,0.5382794687842085,0.547688030810369,-0.5115466574903798,-0.25393308111753915
2460,2023-11-13,1945.5,2055.265380859375,7425.7998046875,890.367919921875,0.6572385852146188,0.5012940291472798,-0.23844160753076393,-0.2534031870633818
2461,2023-11-14,1961.800048828125,1979.0526123046875,7440.5,890.2832641601562,0.8075514330145412,0.3477259382730972,-0.17686621466416422,-0.25363950958849957
2462,2023-11-15,1960.0999755859373,2060.408447265625,7486.89990234375,890.5137939453125,0.7918740044867961,0.5116572649176772,0.01749121767272451,-0.25299596944619973
2463,2023-11-16,1983.9000244140625,1960.881591796875,7411.0,890.2797241210938,1.0113489983874264,0.3111114840085466,-0.30043423882640724,-0.25364939185703367
2464,2023-11-17,1981.5999755859373,1961.28076171875,7504.2998046875,890.283935546875,0.9901388233088192,0.31191580806079194,0.09037499913825567,-0.2536376353651569
2465,2023-11-20,1977.699951171875,2022.2391357421875,7496.39990234375,890.5320434570312,0.95417428219926,0.4347464216062946,0.05728431019954854,-0.2529450246480669
2466,2023-11-21,1999.300048828125,1937.0667724609373,7482.0,890.4368896484375,1.1533621635180697,0.26312482233374795,-0.003033231520669769,-0.2532106532109066
2467,2023-11-22,1991.4000244140625,2064.42529296875,7469.5,890.2680053710938,1.0805111444881321,0.5197511753957151,-0.055392563792806646,-0.2536821055735604
2468,2023-11-23,1991.5,2062.210693359375,7483.60009765625,889.986328125,1.0814330812989472,0.5152887757150318,0.0036691720674471274,-0.25446842745778436
2469,2023-11-24,2002.199951171875,2081.152099609375,7488.2001953125,890.471923828125,1.1801039594615654,0.5534555508033501,0.022937815400876874,-0.25311285282920676
2470,2023-11-27,2011.800048828125,2027.4173583984373,7460.7001953125,890.001953125,1.268632407019246,0.4451804969262471,-0.09225271559782426,-0.254424809169082
2471,2023-11-28,2039.699951171875,2049.338134765625,7455.2001953125,890.3994750976562,1.525914689965094,0.48935067786874054,-0.11529082179756449,-0.2533150985662759
2472,2023-11-29,2047.0999755859373,2029.92919921875,7423.5,890.2055053710938,1.5941548992549825,0.45024183515959676,-0.24807490655427036,-0.2538565787283698
2473,2023-11-30,2038.0999755859373,2052.55615234375,7453.7998046875,890.132080078125,1.5111603239341356,0.4958349563596552,-0.12115670324117732,-0.2540615506084828
2474,2023-12-01,2071.0,2087.139892578125,7529.39990234375,890.2413940429688,1.8145518299664278,0.5655209035283462,0.1955129473979899,-0.2537563929715066
2475,2023-12-04,2024.0999755859373,2243.2158203125,7513.0,889.9403686523438,1.3820576512128182,0.8800125918388959,0.1268179125142297,-0.2545967265647877
2476,2023-12-05,2018.5,2293.841796875,7489.7998046875,890.3296508789062,1.3304168072614877,0.982023510964154,0.029638173702576893,-0.25351001779391447
2477,2023-12-06,2030.5,2231.661376953125,7515.39990234375,890.0399169921875,1.441076241022617,0.8567304851596214,0.13687049525319658,-0.25431883035825054
2478,2023-12-07,2029.9000244140625,2357.57958984375,7513.7001953125,890.315673828125,1.4355434944717549,1.1104546304257341,0.1297508532360361,-0.2535490357162302
2479,2023-12-08,1998.300048828125,2358.73193359375,7554.5,890.0660400390625,1.1441405440379757,1.112776593438944,0.3006508956577241,-0.2542459060318263
2480,2023-12-11,1978.0,2224.578857421875,7544.89990234375,889.6673583984375,0.9569412183176769,0.8424592675720761,0.2604385194154396,-0.25535885392949703
2481,2023-12-12,1977.800048828125,2202.0380859375,7542.7998046875,889.7792358398438,0.9550973446960468,0.7970398016566921,0.2516417425364373,-0.25504654016703066
2482,2023-12-13,1982.300048828125,2260.648681640625,7548.39990234375,890.2201538085938,0.9965946323564702,0.9151396615334382,0.275099132451638,-0.25381568658271136
2483,2023-12-14,2030.199951171875,2316.5791015625,7649.0,890.1720581054688,1.4383093049042,1.0278389896392062,0.696487447635079,-0.25394994912762325
2484,2023-12-15,2021.0999755859373,2219.33740234375,7576.39990234375,890.1012573242188,1.354392792772536,0.8318977794511865,0.3923840367412246,-0.25414759449830576
2485,2023-12-18,2026.300048828125,2217.2734375,7614.5,889.9282836914062,1.4023458894806105,0.827738907562696,0.5519756905639811,-0.2546304625849559
2486,2023-12-19,2038.4000244140625,2177.87255859375,7638.0,889.8307495117188,1.5139272600525546,0.7483464662809456,0.6504112352355985,-0.25490273612146513
2487,2023-12-20,2034.5,2201.911376953125,7715.7001953125,890.0159301757812,1.4779627189429934,0.7967844841135022,0.9758776627537681,-0.25438579124676625
2488,2023-12-21,2039.0999755859373,2239.54248046875,7694.7001953125,890.1959228515625,1.5203819434142298,0.8726108427929736,0.8879139845365781,-0.25388332900698807
2489,2023-12-22,2057.10009765625,2326.52490234375,7697.5,890.9003295898438,1.6863722197418973,1.047879694984998,0.8996416568509701,-0.2519169279526374
2491,2023-12-27,2081.89990234375,2378.739990234375,7725.0,890.3163452148438,1.9150665817506762,1.1530926601384301,1.014832187849671,-0.25354716149288753
2492,2023-12-28,2073.89990234375,2347.566162109375,7722.7001953125,890.3163452148438,1.8412936259099233,1.0902776573353112,1.0051988888261647,-0.25354716149288753
2493,2023-12-29,2062.39990234375,2300.690673828125,7733.2001953125,890.3163452148438,1.7352450018888412,0.9958239407119447,1.0491807279347598,-0.25354716149288753
